year,Var_QMPK,Var_VMPK,Var_phi,Var_Y_div_K,Var_PY_div_PK,Cov_phi_Y_div_K,Cov_Y_div_K_PY_div_PK,Cov_phi_PY_div_PK,Cov_QMPK_PY_div_PK
1970,0.35743979208533017,0.14786444464811874,0.08802315113032844,0.2185311315771554,0.15919506585382812,0.02544275468892324,-0.15845440762660595,-0.02593079901891385,-0.18438520664551983
1980,0.2595711540894041,0.17647813846239302,0.08505744424520618,0.16462426736861266,0.06416590765153868,0.004944721237792681,-0.07433999019606048,0.0007105285567855573,-0.0736294616392749
1990,0.2193329045822677,0.15790535933474126,0.06693596507482734,0.15616990960194552,0.0780664100398476,-0.001886485047252627,-0.07620470867429847,0.00645773103061148,-0.069746977643687
2000,0.1958547268460906,0.12158702298764097,0.0636259125864623,0.16085697350622463,0.12040436013793533,-0.01431407962329818,-0.11533504461452869,0.017999012616336244,-0.09733603199819248
