QMPK_open,QMPK_closed,QMPK_t_stat,VMPK_open,VMPK_closed,VMPK_t_stat,Obervations_open,Observations_closed
0.228309307176233,0.2980431814550084,-4.120547953462799,0.18810789737606895,0.21799672367453973,-2.7111247291158405,171,184
0.18594744104787808,0.24862303261970858,-4.676994646458414,0.16189837122273396,0.18878469185312013,-2.7965924183033284,146,154
0.1585559094326429,0.21562017104341266,-4.896555609630064,0.14091663686403377,0.1570133811465713,-1.9042179554544194,142,158
0.17726896036331616,0.2204020617012817,-2.901528180877384,0.14765250969871377,0.15172601482972414,-0.4023462585274507,176,124
0.17724896343095017,0.23434337377362915,-1.563253583086601,0.147615283211371,0.16113711095045358,-0.5115033177630695,95,25
